date;time;category;host;status;color
2017-11-06; 14:28:31;  Gravity response over (400ms) impacting Mail builders; ; Recovered; 36a64f
2017-11-06; 14:22:35;  Gravity response over (400ms) impacting Mail builders; ; Triggered; d00000
2017-11-06; 08:13:30;  Index jobs taking too long (Solr Master); ; Recovered; 36a64f
2017-11-06; 08:08:29;  Index jobs taking too long (Solr Master); ; Triggered; d00000
2017-11-06; 08:08:22;  SOLR Slave Docs Out of Sync With Master; ; Recovered on 14 hosts; 36a64f
2017-11-06; 08:08:02;  SOLR Slave Docs Out of Sync With Master on host; solrslave-10-10-6-52; Recovered; 36a64f
2017-11-06; 08:08:01;  SOLR Slave Docs Out of Sync With Master on host; solrslave-10-10-6-53; Recovered; 36a64f
2017-11-06; 08:05:23;  Solr master memory below 260mb; ; Recovered; 36a64f
2017-11-06; 08:04:28;  Index jobs taking too long (Solr Master); ; Recovered; 36a64f
2017-11-06; 08:01:36;  Index jobs taking too long (Solr Master); ; Triggered; d00000
2017-11-06; 08:00:35;  Index jobs taking too long (Solr Master); ; Recovered; 36a64f
2017-11-06; 07:59:31;  Index jobs taking too long (Solr Master); ; Triggered; d00000
2017-11-06; 07:33:36;  Gravity response over (400ms) impacting Mail builders; ; Recovered; 36a64f
2017-11-06; 07:29:29;  Gravity response over (400ms) impacting Mail builders; ; Triggered; d00000
2017-11-06; 05:27:34;  Gravity response over (400ms) impacting Mail builders; ; Recovered; 36a64f
2017-11-06; 05:22:30;  Gravity response over (400ms) impacting Mail builders; ; Triggered; d00000
2017-11-06; 05:04:20;  Solr master memory below 260mb; ; Triggered; d00000
2017-11-06; 05:00:24;  Solr master memory below 260mb; ; Recovered; 36a64f
2017-11-06; 01:42:17;  SOLR Slave Docs Out of Sync With Master; ; Triggered on 14 hosts; d00000
2017-11-06; 01:41:57;  SOLR Slave Docs Out of Sync With Master on host; solrslave-10-10-6-52; Triggered; d00000
2017-11-06; 01:41:57;  SOLR Slave Docs Out of Sync With Master on host; solrslave-10-10-6-53; Triggered; d00000
2017-11-06; 01:29:31;  Gravity response over (400ms) impacting Mail builders; ; Recovered; 36a64f
2017-11-06; 01:26:29;  Gravity response over (400ms) impacting Mail builders; ; Triggered; d00000
2017-11-05; 21:38:21;  Solr master memory below 260mb; ; Triggered; d00000
2017-11-05; 20:34:28;  Index jobs taking too long (Solr Master); ; Recovered; 36a64f
2017-11-05; 20:30:27;  Index jobs taking too long (Solr Master); ; Triggered; d00000
2017-11-05; 19:38:31;  Index jobs taking too long (Solr Master); ; Recovered; 36a64f
2017-11-05; 19:33:28;  Index jobs taking too long (Solr Master); ; Triggered; d00000
2017-11-05; 18:02:31;  Jora high disk usage on host; serenity-10-10-14-193; Recovered; 36a64f
2017-11-05; 18:00:35;  Jora high disk usage on host; serenity-10-10-15-89; Recovered; 36a64f
2017-11-05; 16:35:33;  Index jobs taking too long (Solr Master); ; Recovered; 36a64f
2017-11-05; 16:26:40;  Index jobs taking too long (Solr Master); ; Triggered; d00000
2017-11-05; 16:01:38;  Jora high disk usage on host; serenity-10-10-14-193; Triggered; d00000
2017-11-05; 12:54:30;  Jora high disk usage on host; serenity-10-10-15-89; Triggered; d00000
2017-11-05; 12:50:34;  Index jobs taking too long (Solr Master); ; Recovered; 36a64f
2017-11-05; 12:44:31;  Index jobs taking too long (Solr Master); ; Triggered; d00000
2017-11-05; 11:32:29;  Index jobs taking too long (Solr Master); ; Recovered; 36a64f
2017-11-05; 11:28:27;  Index jobs taking too long (Solr Master); ; Triggered; d00000
2017-11-04; 22:58:34;  Index jobs taking too long (Solr Master); ; Recovered; 36a64f
2017-11-04; 22:52:30;  Index jobs taking too long (Solr Master); ; Triggered; d00000
2017-11-04; 18:01:31;  Jora high disk usage on host; serenity-10-10-15-89; Recovered; 36a64f
2017-11-04; 15:47:33;  Jora high disk usage on host; serenity-10-10-15-89; Triggered; d00000
2017-11-04; 14:28:28;  Gravity response over (400ms) impacting Mail builders; ; Recovered; 36a64f
2017-11-04; 14:24:38;  Index jobs taking too long (Solr Master); ; Recovered; 36a64f
2017-11-04; 14:24:28;  Gravity response over (400ms) impacting Mail builders; ; Triggered; d00000
2017-11-04; 14:19:30;  Index jobs taking too long (Solr Master); ; Triggered; d00000
2017-11-04; 10:03:20;  RDS Replication Lag Is Too High on hostname; production-replicadb.ct4xp2vhcfwk.us-west-1.rds.amazonaws.com; Recovered; 36a64f
2017-11-04; 09:53:16;  RDS Replication Lag Is Too High on hostname; production-replicadb.ct4xp2vhcfwk.us-west-1.rds.amazonaws.com; Triggered; d00000
2017-11-04; 09:04:32;  Index jobs taking too long (Solr Master); ; Recovered; 36a64f
2017-11-04; 08:56:29;  Index jobs taking too long (Solr Master); ; Triggered; d00000
2017-11-04; 08:47:29;  Gravity response over (400ms) impacting Mail builders; ; Recovered; 36a64f
2017-11-04; 08:38:28;  Gravity response over (400ms) impacting Mail builders; ; Triggered; d00000
2017-11-04; 07:43:21;  RDS Replication Lag Is Too High on hostname; production-replicadb.ct4xp2vhcfwk.us-west-1.rds.amazonaws.com; Recovered; 36a64f
2017-11-04; 07:38:28;  Index jobs taking too long (Solr Master); ; Recovered; 36a64f
2017-11-04; 07:35:30;  Index jobs taking too long (Solr Master); ; Triggered; d00000
2017-11-04; 07:33:18;  RDS Replication Lag Is Too High on hostname; production-replicadb.ct4xp2vhcfwk.us-west-1.rds.amazonaws.com; Triggered; d00000
2017-11-04; 01:36:36;  Index jobs taking too long (Solr Master); ; Recovered; 36a64f
2017-11-04; 01:31:36;  Index jobs taking too long (Solr Master); ; Triggered; d00000
2017-11-04; 00:23:26;  RDS Replication Lag Is Too High on hostname; production-replicadb.ct4xp2vhcfwk.us-west-1.rds.amazonaws.com; Recovered; 36a64f
2017-11-04; 00:13:25;  RDS Replication Lag Is Too High on hostname; production-replicadb.ct4xp2vhcfwk.us-west-1.rds.amazonaws.com; Triggered; d00000
2017-11-03; 21:23:31;  RDS Replication Lag Is Too High on hostname; production-replicadb.ct4xp2vhcfwk.us-west-1.rds.amazonaws.com; Recovered; 36a64f
2017-11-03; 21:13:34;  RDS Replication Lag Is Too High on hostname; production-replicadb.ct4xp2vhcfwk.us-west-1.rds.amazonaws.com; Triggered; d00000
2017-11-03; 15:34:21;  Solr master memory below 260mb; ; Recovered; 36a64f
2017-11-03; 15:29:20;  Solr master memory below 260mb; ; Triggered; d00000
2017-11-03; 15:28:20;  Solr master memory below 260mb; ; Recovered; 36a64f
2017-11-03; 15:25:19;  Solr master memory below 260mb; ; Triggered; d00000
2017-11-03; 15:09:26;  Solr master memory below 260mb; ; Recovered; 36a64f
2017-11-03; 15:08:23;  Solr master memory below 260mb; ; Triggered; d00000
2017-11-03; 14:56:25;  Solr master memory below 260mb; ; Recovered; 36a64f
2017-11-03; 14:45:36;  Solr master memory below 260mb; ; Triggered; d00000
2017-11-03; 14:35:32;  Gravity response over (400ms) impacting Mail builders; ; Recovered; 36a64f
2017-11-03; 14:33:40;  Gravity response over (400ms) impacting Mail builders; ; Triggered; d00000
2017-11-03; 14:26:31;  Gravity response over (400ms) impacting Mail builders; ; Recovered; 36a64f
2017-11-03; 14:22:36;  Gravity response over (400ms) impacting Mail builders; ; Triggered; d00000
2017-11-03; 07:22:37;  Gravity response over (400ms) impacting Mail builders; ; Recovered; 36a64f
2017-11-03; 07:13:35;  Gravity response over (400ms) impacting Mail builders; ; Triggered; d00000
2017-11-03; 05:13:27;  RDS Replication Lag Is Too High on hostname; production-replicadb.ct4xp2vhcfwk.us-west-1.rds.amazonaws.com; Recovered; 36a64f
2017-11-03; 05:03:35;  RDS Replication Lag Is Too High on hostname; production-replicadb.ct4xp2vhcfwk.us-west-1.rds.amazonaws.com; Triggered; d00000
2017-11-03; 05:02:33;  Index jobs taking too long (Solr Master); ; Recovered; 36a64f
2017-11-03; 04:57:37;  Index jobs taking too long (Solr Master); ; Triggered; d00000
2017-11-03; 03:15:58;  Index jobs taking too long (Solr Master); ; Recovered; 36a64f
2017-11-03; 03:12:42;  Index jobs taking too long (Solr Master); ; Triggered; d00000
2017-11-02; 23:21:42;  Resque Pending Jobs Is Too High; ; Recovered; 36a64f
2017-11-02; 22:34:17;  Jora Jobs RDS CPU Too High; ; Recovered; 36a64f
2017-11-02; 22:31:34;  [Datadog] [Triggered] Resque Pending Jobs Is Too High; ; Alert; 
2017-11-02; 22:31:30;  Resque Pending Jobs Is Too High; ; Triggered; d00000
2017-11-02; 22:25:28;  RDS Replication Lag Is Too High on hostname; production-replicadb.ct4xp2vhcfwk.us-west-1.rds.amazonaws.com; Recovered; 36a64f
2017-11-02; 22:15:23;  Jora Jobs RDS CPU Too High; ; Recovered; 36a64f
2017-11-02; 21:17:39;  AWS CloudWatch Alarm Triggered; ; Recovered; 36a64f
2017-11-02; 21:15:42;  AWS CloudWatch Alarm Triggered; ; Triggered; d00000
2017-11-02; 20:44:31;  RDS Replication Lag Is Too High on hostname; production-replicadb.ct4xp2vhcfwk.us-west-1.rds.amazonaws.com; Triggered; d00000
2017-11-02; 18:50:36;  Gravity response over (400ms) impacting Mail builders; ; Recovered; 36a64f
2017-11-02; 18:38:38;  Gravity response over (400ms) impacting Mail builders; ; Triggered; d00000
2017-11-02; 18:26:45;  Gravity response over (400ms) impacting Mail builders; ; Recovered; 36a64f
2017-11-02; 18:24:35;  Gravity response over (400ms) impacting Mail builders; ; Triggered; d00000
2017-11-02; 16:33:22;  Jora Jobs RDS CPU Too High; ; Triggered; d00000
2017-11-02; 15:41:56;  Jora - ELB Too Many Unhealthy Hosts on name; production-jobengine-elb; Recovered; 36a64f
2017-11-02; 15:31:57;  Jora - ELB Too Many Unhealthy Hosts on name; production-jobengine-elb; Triggered; d00000
2017-11-02; 14:28:38;  Gravity response over (400ms) impacting Mail builders; ; Recovered; 36a64f
2017-11-02; 14:26:33;  Gravity response over (400ms) impacting Mail builders; ; Triggered; d00000
2017-11-02; 14:25:32;  Gravity response over (400ms) impacting Mail builders; ; Recovered; 36a64f
2017-11-02; 14:21:30;  Gravity response over (400ms) impacting Mail builders; ; Triggered; d00000
2017-11-02; 12:23:27;  Jora Jobs RDS CPU Too High on name; production-db; Triggered; d00000
2017-11-02; 11:53:25;  Jora Jobs RDS CPU Too High on name; production-db; Recovered; 36a64f
2017-11-02; 11:33:34;  Jora Jobs RDS CPU Too High on name; production-db; Triggered; d00000
2017-11-02; 10:23:32;  Jora Jobs RDS CPU Too High on name; production-db; Recovered; 36a64f
2017-11-02; 09:53:32;  Jora Jobs RDS CPU Too High on name; production-db; Triggered; d00000
2017-11-02; 09:43:27;  Jora Jobs RDS CPU Too High on name; production-db; Recovered; 36a64f
2017-11-02; 09:23:29;  Jora Jobs RDS CPU Too High on name; production-db; Triggered; d00000
2017-11-02; 08:33:24;  Jora Jobs RDS CPU Too High on name; production-db; Recovered; 36a64f
2017-11-02; 07:13:22;  Jora Jobs RDS CPU Too High on name; production-db; Triggered; d00000
2017-11-02; 06:53:43;  Jora Jobs RDS CPU Too High on name; production-db; Recovered; 36a64f
2017-11-02; 05:43:18;  Jora Jobs RDS CPU Too High on name; production-db; Triggered; d00000
2017-11-02; 04:36:37;  Gravity response over (400ms) impacting Mail builders; ; Recovered; 36a64f
2017-11-02; 04:26:43;  Gravity response over (400ms) impacting Mail builders; ; Triggered; d00000
2017-11-02; 01:56:30;  Gravity response over (400ms) impacting Mail builders; ; Recovered; 36a64f
2017-11-02; 01:46:32;  Gravity response over (400ms) impacting Mail builders; ; Triggered; d00000
2017-11-02; 01:34:38;  Gravity response over (400ms) impacting Mail builders; ; Recovered; 36a64f
2017-11-02; 01:22:31;  Gravity response over (400ms) impacting Mail builders; ; Triggered; d00000
2017-11-02; 00:57:33;  Jora high disk usage on host; trendy-10-10-15-109; Triggered; d00000
2017-11-02; 00:30:31;  Jora high disk usage on host; trendy-10-10-15-109; Recovered; 36a64f
2017-11-02; 00:23:18;  Jora Jobs RDS CPU Too High on name; production-db; Recovered; 36a64f
2017-11-02; 00:13:18;  Jora Jobs RDS CPU Too High on name; production-db; Triggered; d00000
2017-11-02; 00:03:18;  Jora Jobs RDS CPU Too High on name; production-db; Recovered; 36a64f
2017-11-01; 23:43:28;  Jora Jobs RDS CPU Too High on name; production-db; Triggered; d00000
2017-11-01; 23:03:19;  Jora Jobs RDS CPU Too High on name; production-db; Recovered; 36a64f
2017-11-01; 22:34:27;  Jora high disk usage on host; trendy-10-10-15-109; Triggered; d00000
2017-11-01; 22:24:25;  Jora Jobs RDS CPU Too High on name; production-db; Triggered; d00000
2017-11-01; 22:03:27;  Jora Jobs RDS CPU Too High on name; production-db; Recovered; 36a64f
2017-11-01; 21:52:33;  Jora high disk usage on host; trendy-10-10-15-109; Recovered; 36a64f
2017-11-01; 21:43:15;  Jora Jobs RDS CPU Too High on name; production-db; Triggered; d00000
2017-11-01; 21:33:26;  Jora Jobs RDS CPU Too High on name; production-db; Recovered; 36a64f
2017-11-01; 21:23:19;  Jora Jobs RDS CPU Too High on name; production-db; Triggered; d00000
2017-11-01; 21:03:21;  Jora Jobs RDS CPU Too High on name; production-db; Recovered; 36a64f
2017-11-01; 20:33:25;  Jora Jobs RDS CPU Too High on name; production-db; Triggered; d00000
2017-11-01; 20:08:30;  Jora high disk usage on host; trendy-10-10-15-109; Triggered; d00000
2017-11-01; 20:03:18;  Jora Jobs RDS CPU Too High on name; production-db; Recovered; 36a64f
2017-11-01; 19:21:25;  Resque Pending Jobs Is Too High; ; Recovered; 36a64f
2017-11-01; 17:13:26;  Jora Jobs RDS CPU Too High on name; production-db; Triggered; d00000
2017-11-01; 16:36:55;  SOLR Slave Docs Out of Sync With Master on host; solrslave-10-10-7-128; Recovered; 36a64f
2017-11-01; 16:35:52;  SOLR Slave Docs Out of Sync With Master on host; solrslave-10-10-7-128; Triggered; d00000
2017-11-01; 16:12:28;  Jora high disk usage on host; trendy-10-10-15-109; Recovered; 36a64f
2017-11-01; 15:55:31;  Jora high disk usage on host; trendy-10-10-15-109; Triggered; d00000
2017-11-01; 15:49:37;  Solr master memory below 260mb; ; Recovered; 36a64f
2017-11-01; 15:36:22;  Solr master memory below 260mb; ; Triggered; d00000
2017-11-01; 15:33:29;  Jora Jobs RDS CPU Too High on name; production-db; Recovered; 36a64f
2017-11-01; 15:23:20;  Jora Jobs RDS CPU Too High on name; production-db; Triggered; d00000
2017-11-01; 14:27:32;  Gravity response over (400ms) impacting Mail builders; ; Recovered; 36a64f
2017-11-01; 14:22:38;  Gravity response over (400ms) impacting Mail builders; ; Triggered; d00000
2017-11-01; 13:53:17;  Jora Jobs RDS CPU Too High on name; production-db; Recovered; 36a64f
2017-11-01; 13:43:18;  Jora Jobs RDS CPU Too High on name; production-db; Triggered; d00000
2017-11-01; 13:11:24;  Solr master memory below 260mb; ; Recovered; 36a64f
2017-11-01; 13:01:28;  Solr master memory below 260mb; ; Triggered; d00000
2017-11-01; 12:32:36;  Gravity response over (400ms) impacting Mail builders; ; Recovered; 36a64f
2017-11-01; 12:25:35;  Index jobs taking too long (Solr Master); ; Recovered; 36a64f
2017-11-01; 12:22:31;  Gravity response over (400ms) impacting Mail builders; ; Triggered; d00000
2017-11-01; 12:16:39;  Index jobs taking too long (Solr Master); ; Triggered; d00000
2017-11-01; 12:01:37;  [Datadog] [Triggered] Resque Pending Jobs Is Too High; ; Alert; 
2017-11-01; 12:01:36;  Resque Pending Jobs Is Too High; ; Triggered; d00000
2017-11-01; 08:01:32;  Resque Pending Jobs Is Too High; ; Recovered; 36a64f
2017-11-01; 07:02:12;  SOLR Slave Docs Out of Sync With Master; ; Recovered on 14 hosts; 36a64f
2017-11-01; 07:01:53;  SOLR Slave Docs Out of Sync With Master on host; solrslave-10-10-6-52; Recovered; 36a64f
2017-11-01; 07:01:52;  SOLR Slave Docs Out of Sync With Master on host; solrslave-10-10-6-53; Recovered; 36a64f
2017-11-01; 01:45:15;  SOLR Slave Docs Out of Sync With Master; ; Triggered on 14 hosts; d00000
2017-11-01; 01:44:58;  SOLR Slave Docs Out of Sync With Master on host; solrslave-10-10-6-52; Triggered; d00000
2017-11-01; 01:44:57;  SOLR Slave Docs Out of Sync With Master on host; solrslave-10-10-6-53; Triggered; d00000
2017-11-01; 00:41:17;  SOLR Slave Docs Out of Sync With Master; ; Recovered on 14 hosts; 36a64f
2017-11-01; 00:40:55;  SOLR Slave Docs Out of Sync With Master on host; solrslave-10-10-6-52; Recovered; 36a64f
2017-11-01; 00:40:47;  SOLR Slave Docs Out of Sync With Master on host; solrslave-10-10-6-53; Recovered; 36a64f
2017-11-01; 00:01:32;  [Datadog] [Triggered] Resque Pending Jobs Is Too High; ; Alert; 
2017-11-01; 00:01:28;  Resque Pending Jobs Is Too High; ; Triggered; d00000
2017-10-31; 23:36:53;  SOLR Slave Docs Out of Sync With Master; ; Triggered on 14 hosts; d00000
2017-10-31; 23:36:41;  SOLR Slave Docs Out of Sync With Master on host; solrslave-10-10-6-52; Triggered; d00000
2017-10-31; 23:36:40;  SOLR Slave Docs Out of Sync With Master on host; solrslave-10-10-6-53; Triggered; d00000
2017-10-31; 17:55:34;  Jora high disk usage on host; serenity-10-10-15-96; Recovered; 36a64f
2017-10-31; 17:49:37;  Jora high disk usage on host; serenity-10-10-15-94; Recovered; 36a64f
2017-10-31; 17:49:37;  Jora high disk usage on host; serenity-10-10-15-96; Triggered; d00000
2017-10-31; 17:44:32;  Jora high disk usage on host; serenity-10-10-15-94; Triggered; d00000
2017-10-31; 11:55:31;  Gravity response over (400ms) impacting Mail builders; ; Recovered; 36a64f
2017-10-31; 11:37:28;  Gravity response over (400ms) impacting Mail builders; ; Triggered; d00000
2017-10-31; 09:33:24;  Jora Jobs RDS CPU Too High on name; production-db; Recovered; 36a64f
2017-10-31; 09:31:28;  Resque Pending Jobs Is Too High; ; Recovered; 36a64f
2017-10-31; 09:23:28;  Jora Jobs RDS CPU Too High on name; production-db; Triggered; d00000
2017-10-31; 08:19:38;  SOLR Slave Docs Out of Sync With Master; ; Recovered on 14 hosts; 36a64f
2017-10-31; 08:19:16;  SOLR Slave Docs Out of Sync With Master on host; solrslave-10-10-6-52; Recovered; 36a64f
2017-10-31; 08:19:14;  SOLR Slave Docs Out of Sync With Master on host; solrslave-10-10-6-53; Recovered; 36a64f
2017-10-31; 07:48:33;  SOLR Slave Docs Out of Sync With Master; ; Triggered on 14 hosts; d00000
2017-10-31; 07:48:08;  SOLR Slave Docs Out of Sync With Master on host; solrslave-10-10-6-52; Triggered; d00000
2017-10-31; 07:48:07;  SOLR Slave Docs Out of Sync With Master on host; solrslave-10-10-6-53; Triggered; d00000
2017-10-31; 07:31:28;  [Datadog] [Triggered] Resque Pending Jobs Is Too High; ; Alert; 
2017-10-31; 07:31:28;  Resque Pending Jobs Is Too High; ; Triggered; d00000
2017-10-30; 17:57:35;  Jora high disk usage on host; serenity-10-10-15-96; Recovered; 36a64f
2017-10-30; 17:40:30;  Jora high disk usage on host; serenity-10-10-15-94; Recovered; 36a64f
2017-10-30; 17:39:37;  Jora high disk usage on host; serenity-10-10-15-89; Recovered; 36a64f
2017-10-30; 15:35:37;  Jora high disk usage on host; serenity-10-10-15-94; Triggered; d00000
2017-10-30; 15:19:28;  Jora high disk usage on host; serenity-10-10-15-96; Triggered; d00000
2017-10-30; 15:11:37;  Jora high disk usage on host; serenity-10-10-15-89; Triggered; d00000
2017-10-30; 11:31:26;  Resque Pending Jobs Is Too High; ; Recovered; 36a64f
2017-10-30; 11:13:19;  Jora Jobs RDS CPU Too High on name; production-db; Recovered; 36a64f
2017-10-30; 10:13:24;  Jora Jobs RDS CPU Too High on name; production-db; Triggered; d00000
2017-10-30; 09:53:19;  Jora Jobs RDS CPU Too High on name; production-db; Recovered; 36a64f
2017-10-30; 08:53:25;  Jora Jobs RDS CPU Too High on name; production-db; Triggered; d00000
2017-10-30; 08:39:13;  SOLR Slave Docs Out of Sync With Master; ; Recovered on 14 hosts; 36a64f
2017-10-30; 08:38:58;  SOLR Slave Docs Out of Sync With Master on host; solrslave-10-10-6-52; Recovered; 36a64f
2017-10-30; 08:38:57;  SOLR Slave Docs Out of Sync With Master on host; solrslave-10-10-6-53; Recovered; 36a64f
2017-10-30; 02:41:30;  [Datadog] [Triggered] Resque Pending Jobs Is Too High; ; Alert; 
2017-10-30; 02:41:25;  Resque Pending Jobs Is Too High; ; Triggered; d00000
2017-10-30; 02:35:17;  SOLR Slave Docs Out of Sync With Master; ; Triggered on 14 hosts; d00000
2017-10-30; 02:34:50;  SOLR Slave Docs Out of Sync With Master on host; solrslave-10-10-6-52; Triggered; d00000
2017-10-30; 02:34:49;  SOLR Slave Docs Out of Sync With Master on host; solrslave-10-10-6-53; Triggered; d00000
2017-10-29; 18:01:33;  Jora high disk usage on host; serenity-10-10-15-96; Recovered; 36a64f
2017-10-29; 17:54:31;  Jora high disk usage on host; serenity-10-10-14-193; Recovered; 36a64f
2017-10-29; 17:50:26;  Jora high disk usage on host; serenity-10-10-14-20; Recovered; 36a64f
2017-10-29; 17:47:31;  Jora high disk usage on host; serenity-10-10-15-94; Recovered; 36a64f
2017-10-29; 17:45:27;  Jora high disk usage on host; serenity-10-10-15-89; Recovered; 36a64f
2017-10-29; 17:37:28;  Jora high disk usage on host; serenity-10-10-14-193; Triggered; d00000
2017-10-29; 17:25:35;  Jora high disk usage on host; serenity-10-10-14-20; Triggered; d00000
2017-10-29; 17:20:31;  Jora high disk usage on host; serenity-10-10-15-94; Triggered; d00000
2017-10-29; 14:48:14;  SOLR Slave Docs Out of Sync With Master; ; Recovered on 14 hosts; 36a64f
2017-10-29; 14:47:50;  SOLR Slave Docs Out of Sync With Master on host; solrslave-10-10-6-52; Recovered; 36a64f
2017-10-29; 14:47:48;  SOLR Slave Docs Out of Sync With Master on host; solrslave-10-10-6-53; Recovered; 36a64f
2017-10-29; 14:30:30;  Jora high disk usage on host; serenity-10-10-15-89; Triggered; d00000
2017-10-29; 14:24:33;  Jora high disk usage on host; serenity-10-10-15-96; Triggered; d00000
2017-10-29; 14:13:31;  Email Alert Failed to Send on site_id; la; Recovered; 36a64f
2017-10-29; 13:45:16;  SOLR Slave Docs Out of Sync With Master; ; Triggered on 14 hosts; d00000
2017-10-29; 13:44:55;  SOLR Slave Docs Out of Sync With Master on host; solrslave-10-10-6-52; Triggered; d00000
2017-10-29; 13:44:54;  SOLR Slave Docs Out of Sync With Master on host; solrslave-10-10-6-53; Triggered; d00000
2017-10-29; 12:38:15;  SOLR Slave Docs Out of Sync With Master; ; Recovered on 14 hosts; 36a64f
2017-10-29; 12:37:54;  SOLR Slave Docs Out of Sync With Master on host; solrslave-10-10-6-52; Recovered; 36a64f
2017-10-29; 12:37:52;  SOLR Slave Docs Out of Sync With Master on host; solrslave-10-10-6-53; Recovered; 36a64f
2017-10-29; 12:33:13;  SOLR Slave Docs Out of Sync With Master; ; Triggered on 14 hosts; d00000
2017-10-29; 12:32:56;  SOLR Slave Docs Out of Sync With Master on host; solrslave-10-10-6-52; Triggered; d00000
2017-10-29; 12:32:54;  SOLR Slave Docs Out of Sync With Master on host; solrslave-10-10-6-53; Triggered; d00000
2017-10-29; 11:27:16;  SOLR Slave Docs Out of Sync With Master; ; Recovered on 14 hosts; 36a64f
2017-10-29; 11:26:52;  SOLR Slave Docs Out of Sync With Master on host; solrslave-10-10-6-52; Recovered; 36a64f
2017-10-29; 11:26:52;  SOLR Slave Docs Out of Sync With Master on host; solrslave-10-10-6-53; Recovered; 36a64f
2017-10-29; 07:49:13;  SOLR Slave Docs Out of Sync With Master; ; Triggered on 14 hosts; d00000
2017-10-29; 07:48:47;  SOLR Slave Docs Out of Sync With Master on host; solrslave-10-10-6-52; Triggered; d00000
2017-10-29; 07:48:46;  SOLR Slave Docs Out of Sync With Master on host; solrslave-10-10-6-53; Triggered; d00000
2017-10-28; 17:50:36;  Jora high disk usage on host; serenity-10-10-15-96; Recovered; 36a64f
2017-10-28; 17:37:33;  Jora high disk usage on host; serenity-10-10-15-89; Recovered; 36a64f
2017-10-28; 14:54:31;  Jora high disk usage on host; serenity-10-10-15-96; Triggered; d00000
2017-10-28; 14:51:34;  Jora high disk usage on host; serenity-10-10-15-89; Triggered; d00000
2017-10-28; 02:31:32;  Resque Pending Jobs Is Too High; ; Recovered; 36a64f
2017-10-28; 02:06:36;  [Datadog] [Triggered] Resque Pending Jobs Is Too High; ; Alert; 
2017-10-28; 02:06:35;  Resque Pending Jobs Is Too High; ; Triggered; d00000
2017-10-28; 02:02:57;  Jora - ELB Too Many Unhealthy Hosts on name; production-ghost-elb; Recovered; 36a64f
2017-10-28; 02:00:59;  Resque Pending Jobs Is Too High; ; Recovered; 36a64f
2017-10-28; 01:02:57;  Jora - ELB Too Many Unhealthy Hosts on name; production-ghost-elb; Triggered; d00000
2017-10-28; 00:41:30;  [Datadog] [Triggered] Resque Pending Jobs Is Too High; ; Alert; 
2017-10-28; 00:41:29;  Resque Pending Jobs Is Too High; ; Triggered; d00000
2017-10-27; 17:55:32;  Jora high disk usage on host; serenity-10-10-15-89; Recovered; 36a64f
2017-10-27; 17:52:32;  Jora high disk usage on host; serenity-10-10-15-96; Recovered; 36a64f
2017-10-27; 16:58:40;  Crawler CPU Load is very high crawler-10-10-5-28 IP;  10.10.5.28 AWS TAG; Triggered; d00000
2017-10-27; 16:58:39;  Crawler CPU Load is very high crawler-10-10-4-7 IP;  10.10.4.7 AWS TAG; Triggered; d00000
2017-10-27; 16:57:47;  Crawler CPU Load is very high crawler-10-10-5-185 IP;  10.10.5.185 AWS TAG; Triggered; d00000
2017-10-27; 16:57:40;  Crawler CPU Load is very high crawler-10-10-5-218 IP;  10.10.5.218 AWS TAG; Triggered; d00000
2017-10-27; 16:57:40;  Crawler CPU Load is very high crawler-10-10-4-170 IP;  10.10.4.170 AWS TAG; Triggered; d00000
2017-10-27; 15:36:35;  Jora high disk usage on host; serenity-10-10-15-96; Triggered; d00000
2017-10-27; 15:30:29;  Jora high disk usage on host; serenity-10-10-15-89; Triggered; d00000
2017-10-27; 11:02:57;  Jora - ELB Too Many Unhealthy Hosts on name; production-ghost-elb; Recovered; 36a64f
2017-10-27; 10:43:00;  Jora - ELB Too Many Unhealthy Hosts on name; production-ghost-elb; Triggered; d00000
2017-10-26; 17:45:38;  Jora high disk usage on host; serenity-10-10-15-89; Recovered; 36a64f
2017-10-26; 17:45:31;  Jora high disk usage on host; serenity-10-10-15-96; Recovered; 36a64f
2017-10-26; 17:13:34;  Jora high disk usage on host; serenity-10-10-15-96; Triggered; d00000
2017-10-26; 16:57:34;  Jora high disk usage on host; serenity-10-10-15-89; Triggered; d00000
2017-10-26; 04:55:28;  Jora high disk usage on host; elasticsearch-10-10-9-98; Recovered; 36a64f
2017-10-25; 21:31:38;  Jora high disk usage on host; elasticsearch-10-10-9-98; Triggered; d00000
2017-10-25; 17:53:32;  Jora high disk usage on host; serenity-10-10-15-89; Recovered; 36a64f
2017-10-25; 17:39:36;  Jora high disk usage on host; serenity-10-10-15-96; Recovered; 36a64f
2017-10-25; 16:47:31;  Jora high disk usage on host; serenity-10-10-15-96; Triggered; d00000
2017-10-25; 16:38:39;  Jora high disk usage on host; serenity-10-10-15-89; Triggered; d00000
2017-10-25; 16:11:03;  Resque Error Rate Too High; ; Recovered; 36a64f
2017-10-25; 14:26:05;  Resque Error Rate Too High; ; Triggered; d00000
2017-10-25; 14:03:25;  RDS Replication Lag Is Too High on hostname; production-replicadb.ct4xp2vhcfwk.us-west-1.rds.amazonaws.com; Recovered; 36a64f
2017-10-25; 13:53:27;  RDS Replication Lag Is Too High on hostname; production-replicadb.ct4xp2vhcfwk.us-west-1.rds.amazonaws.com; Triggered; d00000
2017-10-24; 17:59:31;  Jora high disk usage on host; serenity-10-10-14-193; Recovered; 36a64f
2017-10-24; 17:54:33;  Jora high disk usage on host; serenity-10-10-14-193; Triggered; d00000
2017-10-24; 17:37:36;  Jora high disk usage on host; serenity-10-10-15-96; Recovered; 36a64f
2017-10-24; 17:33:35;  Jora high disk usage on host; serenity-10-10-15-89; Recovered; 36a64f
2017-10-24; 15:09:42;  Jora high disk usage on host; serenity-10-10-15-96; Triggered; d00000
2017-10-24; 15:07:40;  Jora high disk usage on host; serenity-10-10-15-89; Triggered; d00000
2017-10-24; 12:15:29;  Email Alert Failed to Send on site_id; la; No data; d00000
2017-10-23; 18:02:32;  Jora high disk usage on host; serenity-10-10-15-94; Recovered; 36a64f
2017-10-23; 18:01:34;  Jora high disk usage on host; serenity-10-10-15-89; Recovered; 36a64f
2017-10-23; 17:51:35;  Jora high disk usage on host; serenity-10-10-15-96; Recovered; 36a64f
2017-10-23; 15:59:36;  Jora high disk usage on host; serenity-10-10-15-94; Triggered; d00000
2017-10-23; 15:57:29;  Jora high disk usage on host; serenity-10-10-15-96; Triggered; d00000
2017-10-23; 15:49:31;  Jora high disk usage on host; serenity-10-10-15-89; Triggered; d00000
2017-10-22; 18:01:35;  Jora high disk usage on host; serenity-10-10-15-94; Recovered; 36a64f
2017-10-22; 18:00:26;  Jora high disk usage on host; serenity-10-10-15-89; Recovered; 36a64f
2017-10-22; 17:40:35;  Jora high disk usage on host; serenity-10-10-15-96; Recovered; 36a64f
2017-10-22; 17:34:36;  Jora high disk usage on host; serenity-10-10-15-96; Triggered; d00000
2017-10-22; 17:30:34;  Jora high disk usage on host; serenity-10-10-15-94; Triggered; d00000
2017-10-22; 17:14:23;  RDS Replication Lag Is Too High on hostname; production-replicadb.ct4xp2vhcfwk.us-west-1.rds.amazonaws.com; Recovered; 36a64f
2017-10-22; 17:04:17;  RDS Replication Lag Is Too High on hostname; production-replicadb.ct4xp2vhcfwk.us-west-1.rds.amazonaws.com; Triggered; d00000
2017-10-22; 16:56:37;  Jora high disk usage on host; serenity-10-10-15-89; Triggered; d00000
2017-10-22; 13:24:26;  Jora Jobs RDS CPU Too High on name; production-db; Recovered; 36a64f
2017-10-22; 13:04:16;  Jora Jobs RDS CPU Too High on name; production-db; Triggered; d00000
2017-10-21; 21:07:18;  Crawler CPU Load is very high crawler-10-10-5-220 IP;  10.10.5.220 AWS TAG; Recovered; 36a64f
2017-10-21; 21:02:13;  Crawler CPU Load is very high crawler-10-10-5-220 IP;  10.10.5.220 AWS TAG; Triggered; d00000
2017-10-21; 17:24:20;  RDS Replication Lag Is Too High on hostname; production-replicadb.ct4xp2vhcfwk.us-west-1.rds.amazonaws.com; Recovered; 36a64f
2017-10-21; 17:14:22;  RDS Replication Lag Is Too High on hostname; production-replicadb.ct4xp2vhcfwk.us-west-1.rds.amazonaws.com; Triggered; d00000
2017-10-21; 11:01:29;  Resque Pending Jobs Is Too High; ; Recovered; 36a64f
2017-10-21; 08:44:33;  Jora Jobs RDS CPU Too High on name; production-db; Recovered; 36a64f
2017-10-21; 08:44:31;  Jora Jobs RDS CPU Too High on name; production-db; Recovered; 36a64f
2017-10-21; 08:14:22;  Jora Jobs RDS CPU Too High on name; production-db; Triggered; d00000
2017-10-21; 07:50:20;  SOLR Slave Docs Out of Sync With Master; ; Recovered on 14 hosts; 36a64f
2017-10-21; 07:49:50;  SOLR Slave Docs Out of Sync With Master on host; solrslave-10-10-6-52; Recovered; 36a64f
2017-10-21; 07:49:50;  SOLR Slave Docs Out of Sync With Master on host; solrslave-10-10-6-53; Recovered; 36a64f
2017-10-21; 07:01:31;  [Datadog] [Triggered] Resque Pending Jobs Is Too High; ; Alert; 
2017-10-21; 07:01:28;  Resque Pending Jobs Is Too High; ; Triggered; d00000
2017-10-21; 02:37:19;  SOLR Slave Docs Out of Sync With Master; ; Triggered on 6 hosts; d00000
2017-10-21; 02:36:52;  SOLR Slave Docs Out of Sync With Master; ; Triggered on 6 hosts; d00000
2017-10-21; 02:36:48;  SOLR Slave Docs Out of Sync With Master on host; solrslave-10-10-7-248; Triggered; d00000
2017-10-21; 02:36:47;  SOLR Slave Docs Out of Sync With Master on host; solrslave-10-10-6-179; Triggered; d00000
2017-10-21; 02:36:46;  SOLR Slave Docs Out of Sync With Master on host; solrslave-10-10-6-52; Triggered; d00000
2017-10-21; 02:36:44;  SOLR Slave Docs Out of Sync With Master on host; solrslave-10-10-6-53; Triggered; d00000
2017-10-20; 17:39:25;  Jora high disk usage on host; serenity-10-10-15-89; Recovered; 36a64f
2017-10-20; 17:11:31;  Jora high disk usage on host; serenity-10-10-15-89; Triggered; d00000
2017-10-20; 14:04:22;  RDS Replication Lag Is Too High on hostname; production-replicadb.ct4xp2vhcfwk.us-west-1.rds.amazonaws.com; Recovered; 36a64f
2017-10-20; 13:54:26;  RDS Replication Lag Is Too High on hostname; production-replicadb.ct4xp2vhcfwk.us-west-1.rds.amazonaws.com; Triggered; d00000
2017-10-20; 09:44:24;  RDS Replication Lag Is Too High on hostname; production-replicadb.ct4xp2vhcfwk.us-west-1.rds.amazonaws.com; Recovered; 36a64f
2017-10-20; 09:34:20;  RDS Replication Lag Is Too High on hostname; production-replicadb.ct4xp2vhcfwk.us-west-1.rds.amazonaws.com; Triggered; d00000
2017-10-20; 06:44:29;  RDS Replication Lag Is Too High on hostname; production-replicadb.ct4xp2vhcfwk.us-west-1.rds.amazonaws.com; Recovered; 36a64f
2017-10-20; 06:34:25;  RDS Replication Lag Is Too High on hostname; production-replicadb.ct4xp2vhcfwk.us-west-1.rds.amazonaws.com; Triggered; d00000
2017-10-20; 02:39:36;  Gravity response over (400ms) impacting Mail builders; ; Recovered; 36a64f
2017-10-20; 02:09:35;  Gravity response over (400ms) impacting Mail builders; ; Triggered; d00000
2017-10-19; 14:54:26;  Jora Jobs RDS CPU Too High on name; production-db; Recovered; 36a64f
2017-10-19; 14:34:21;  Jora Jobs RDS CPU Too High on name; production-db; Triggered; d00000
2017-10-19; 09:45:38;  SOLR Slave Docs Out of Sync With Master; ; Recovered on 14 hosts; 36a64f
2017-10-19; 09:45:10;  SOLR Slave Docs Out of Sync With Master on host; solrslave-10-10-6-52; Recovered; 36a64f
2017-10-19; 09:45:09;  SOLR Slave Docs Out of Sync With Master on host; solrslave-10-10-6-53; Recovered; 36a64f
2017-10-19; 09:32:31;  SOLR Slave Docs Out of Sync With Master; ; Triggered on 14 hosts; d00000
2017-10-19; 09:32:13;  SOLR Slave Docs Out of Sync With Master on host; solrslave-10-10-6-52; Triggered; d00000
2017-10-19; 09:32:11;  SOLR Slave Docs Out of Sync With Master on host; solrslave-10-10-6-53; Triggered; d00000
2017-10-19; 08:22:56;  Suggested (or Related) search API service response time increased; ; Recovered; 36a64f
2017-10-19; 07:45:36;  Suggested (or Related) search API service response time increased; ; Triggered; d00000
2017-10-17; 15:41:29;  CPU load is very high; ; Recovered; 36a64f
2017-10-17; 15:34:28;  CPU load is very high; ; Triggered; d00000
2017-10-17; 15:32:43;  CPU load is very high; ; Recovered; 36a64f
2017-10-17; 15:31:20;  CPU load is very high; ; Triggered; d00000
2017-10-17; 15:30:22;  CPU load is very high; ; Recovered; 36a64f
2017-10-17; 15:29:38;  CPU load is very high on host; serenity-10-10-15-94; Recovered; 36a64f
2017-10-17; 15:25:26;  CPU load is very high on host; serenity-10-10-14-193; Recovered; 36a64f
2017-10-17; 15:25:25;  CPU load is very high on host; serenity-10-10-14-20; Recovered; 36a64f
2017-10-17; 15:24:25;  CPU load is very high on host; serenity-10-10-14-193; Triggered; d00000
2017-10-17; 15:22:24;  CPU load is very high on host; serenity-10-10-14-20; Triggered; d00000
2017-10-17; 15:19:22;  CPU load is very high on host; serenity-10-10-15-89; Triggered; d00000
2017-10-17; 15:08:27;  CPU load is very high on host; serenity-10-10-15-94; Triggered; d00000
2017-10-17; 14:55:37;  CPU load is very high on host; serenity-10-10-15-96; Recovered; 36a64f
2017-10-17; 14:53:27;  CPU load is very high on host; serenity-10-10-15-89; Recovered; 36a64f
2017-10-17; 14:53:25;  CPU load is very high on host; serenity-10-10-15-94; Recovered; 36a64f
2017-10-17; 14:52:28;  CPU load is very high on host; serenity-10-10-15-94; Triggered; d00000
2017-10-17; 14:51:21;  CPU load is very high on host; serenity-10-10-14-20; Recovered; 36a64f
2017-10-17; 14:50:27;  CPU load is very high on host; serenity-10-10-15-94; Recovered; 36a64f
2017-10-17; 14:49:25;  CPU load is very high on host; serenity-10-10-14-193; Recovered; 36a64f
2017-10-17; 14:49:23;  CPU load is very high on host; serenity-10-10-14-20; Triggered; d00000
2017-10-17; 14:48:29;  CPU load is very high on host; serenity-10-10-14-20; Recovered; 36a64f
2017-10-17; 14:40:48;  CPU load is very high on host; serenity-10-10-14-193; Triggered; d00000
2017-10-17; 14:40:26;  CPU load is very high on host; serenity-10-10-15-89; Triggered; d00000
2017-10-17; 14:40:25;  CPU load is very high on host; serenity-10-10-14-20; Triggered; d00000
2017-10-17; 14:39:25;  CPU load is very high on host; serenity-10-10-15-94; Triggered; d00000
2017-10-17; 14:39:21;  CPU load is very high on host; serenity-10-10-15-96; Triggered; d00000
2017-10-16; 15:26:23;  CPU load is very high on host; solrslave-10-10-6-53; Recovered; 36a64f
2017-10-16; 15:25:26;  CPU load is very high on host; solrslave-10-10-6-52; Recovered; 36a64f
2017-10-16; 15:25:24;  CPU load is very high on host; solrslave-10-10-7-174; Recovered; 36a64f
2017-10-16; 15:24:51;  CPU load is very high; ; Recovered on 3 hosts; 36a64f
2017-10-16; 15:24:28;  CPU load is very high on host; solrslave-10-10-6-240; Recovered; 36a64f
2017-10-16; 15:24:27;  CPU load is very high on host; solrslave-10-10-7-43; Recovered; 36a64f
2017-10-16; 15:23:29;  CPU load is very high on host; solrslave-10-10-7-16; Recovered; 36a64f
2017-10-16; 15:23:26;  CPU load is very high on host; solrslave-10-10-6-50; Recovered; 36a64f
2017-10-16; 15:23:24;  CPU load is very high on host; solrslave-10-10-7-177; Recovered; 36a64f
2017-10-16; 15:22:30;  CPU load is very high on host; solrslave-10-10-7-128; Recovered; 36a64f
2017-10-16; 15:22:29;  CPU load is very high on host; solrslave-10-10-6-69; Recovered; 36a64f
2017-10-16; 15:21:35;  CPU load is very high on host; solrslave-10-10-7-183; Recovered; 36a64f
2017-10-16; 15:19:30;  CPU load is very high on host; solrslave-10-10-6-81; Recovered; 36a64f
2017-10-16; 15:19:29;  CPU load is very high on host; solrslave-10-10-6-54; Recovered; 36a64f
2017-10-16; 15:17:48;  CPU load is very high on host; solrslave-10-10-7-19; Triggered; d00000
2017-10-16; 15:17:28;  CPU load is very high on host; solrslave-10-10-6-53; Triggered; d00000
2017-10-16; 15:17:27;  CPU load is very high on host; solrslave-10-10-6-52; Triggered; d00000
2017-10-16; 15:15:36;  CPU load is very high on host; solrslave-10-10-6-69; Triggered; d00000
2017-10-16; 15:14:30;  CPU load is very high on host; solrslave-10-10-6-240; Triggered; d00000
2017-10-16; 15:13:32;  CPU load is very high on host; solrslave-10-10-7-43; Triggered; d00000
2017-10-16; 15:12:37;  CPU load is very high on host; solrslave-10-10-7-177; Triggered; d00000
2017-10-16; 15:11:32;  CPU load is very high on host; solrslave-10-10-6-54; Triggered; d00000
2017-10-16; 15:10:34;  CPU load is very high on host; solrslave-10-10-6-54; Recovered; 36a64f
2017-10-16; 15:09:51;  CPU load is very high; ; Triggered on 4 hosts; d00000
2017-10-16; 15:09:34;  CPU load is very high on host; solrslave-10-10-6-50; Triggered; d00000
2017-10-16; 15:09:33;  CPU load is very high on host; solrslave-10-10-7-174; Triggered; d00000
2017-10-16; 15:07:37;  CPU load is very high on host; solrslave-10-10-6-39; Triggered; d00000
2017-10-16; 15:02:50;  CPU load is very high; ; Recovered on 3 hosts; 36a64f
2017-10-16; 15:02:34;  CPU load is very high on host; solrslave-10-10-6-52; Recovered; 36a64f
2017-10-16; 15:02:33;  CPU load is very high on host; solrslave-10-10-7-174; Recovered; 36a64f
2017-10-16; 15:01:28;  CPU load is very high on host; solrslave-10-10-7-174; Triggered; d00000
2017-10-16; 15:00:30;  CPU load is very high on host; solrslave-10-10-6-81; Triggered; d00000
2017-10-16; 14:59:49;  CPU load is very high on host; solrslave-10-10-6-39; Recovered; 36a64f
2017-10-16; 14:59:30;  CPU load is very high on host; solrslave-10-10-6-240; Recovered; 36a64f
2017-10-16; 14:59:29;  CPU load is very high on host; solrslave-10-10-7-16; Recovered; 36a64f
2017-10-16; 14:59:28;  CPU load is very high on host; solrslave-10-10-6-54; Triggered; d00000
2017-10-16; 14:58:34;  CPU load is very high on host; solrslave-10-10-7-16; Triggered; d00000
2017-10-16; 14:58:30;  CPU load is very high on host; solrslave-10-10-6-54; Recovered; 36a64f
2017-10-16; 14:57:37;  CPU load is very high on host; solrslave-10-10-7-183; Recovered; 36a64f
2017-10-16; 14:57:36;  CPU load is very high on host; solrslave-10-10-6-54; Triggered; d00000
2017-10-16; 14:57:36;  CPU load is very high on host; solrslave-10-10-7-177; Recovered; 36a64f
2017-10-16; 14:56:30;  CPU load is very high on host; solrslave-10-10-6-54; Recovered; 36a64f
2017-10-16; 14:55:28;  CPU load is very high on host; solrslave-10-10-6-240; Triggered; d00000
2017-10-16; 14:55:27;  CPU load is very high on host; solrslave-10-10-7-43; Triggered; d00000
2017-10-16; 14:54:49;  CPU load is very high on host; solrslave-10-10-6-39; Triggered; d00000
2017-10-16; 14:54:39;  CPU load is very high on host; solrslave-10-10-6-53; Triggered; d00000
2017-10-16; 14:54:37;  CPU load is very high on host; solrslave-10-10-7-43; Recovered; 36a64f
2017-10-16; 14:54:36;  CPU load is very high on host; solrslave-10-10-6-52; Triggered; d00000
2017-10-16; 14:53:31;  CPU load is very high on host; solrslave-10-10-7-19; Triggered; d00000
2017-10-16; 14:51:30;  CPU load is very high on host; solrslave-10-10-7-19; Recovered; 36a64f
2017-10-16; 14:49:31;  CPU load is very high on host; solrslave-10-10-7-183; Triggered; d00000
2017-10-16; 14:49:29;  CPU load is very high on host; solrslave-10-10-7-177; Triggered; d00000
2017-10-16; 14:48:27;  CPU load is very high on host; solrslave-10-10-6-240; Recovered; 36a64f
2017-10-16; 14:47:30;  CPU load is very high on host; solrslave-10-10-7-19; Triggered; d00000
2017-10-16; 14:47:29;  CPU load is very high on host; solrslave-10-10-7-128; Recovered; 36a64f
2017-10-16; 14:47:28;  CPU load is very high on host; solrslave-10-10-6-50; Recovered; 36a64f
2017-10-16; 14:46:27;  CPU load is very high on host; solrslave-10-10-7-19; Recovered; 36a64f
2017-10-16; 14:46:26;  CPU load is very high on host; solrslave-10-10-6-69; Recovered; 36a64f
2017-10-16; 14:44:31;  CPU load is very high on host; solrslave-10-10-6-81; Recovered; 36a64f
2017-10-16; 14:43:32;  CPU load is very high on host; solrslave-10-10-7-19; Triggered; d00000
2017-10-16; 14:43:30;  CPU load is very high on host; solrslave-10-10-6-240; Triggered; d00000
2017-10-16; 14:43:29;  CPU load is very high on host; solrslave-10-10-7-16; Recovered; 36a64f
2017-10-16; 14:41:24;  CPU load is very high on host; solrslave-10-10-7-248; Recovered; 36a64f
2017-10-16; 14:40:29;  CPU load is very high on host; solrslave-10-10-6-240; Recovered; 36a64f
2017-10-16; 14:39:46;  CPU load is very high on host; solrslave-10-10-7-19; Recovered; 36a64f
2017-10-16; 14:39:27;  CPU load is very high on host; solrslave-10-10-6-39; Recovered; 36a64f
2017-10-16; 14:39:26;  CPU load is very high on host; solrslave-10-10-7-174; Recovered; 36a64f
2017-10-16; 14:38:32;  CPU load is very high on host; solrslave-10-10-6-53; Recovered; 36a64f
2017-10-16; 14:38:30;  CPU load is very high on host; solrslave-10-10-7-43; Triggered; d00000
2017-10-16; 14:38:29;  CPU load is very high on host; solrslave-10-10-6-52; Recovered; 36a64f
2017-10-16; 14:37:48;  CPU load is very high on host; solrslave-10-10-7-128; Triggered; d00000
2017-10-16; 14:37:28;  CPU load is very high on host; solrslave-10-10-7-16; Triggered; d00000
2017-10-16; 14:37:27;  CPU load is very high on host; solrslave-10-10-6-69; Triggered; d00000
2017-10-16; 14:35:23;  CPU load is very high on host; solrslave-10-10-7-177; Recovered; 36a64f
2017-10-16; 14:34:27;  CPU load is very high on host; solrslave-10-10-7-19; Triggered; d00000
2017-10-16; 14:34:26;  CPU load is very high on host; solrslave-10-10-7-183; Recovered; 36a64f
2017-10-16; 14:34:25;  CPU load is very high on host; solrslave-10-10-6-54; Triggered; d00000
2017-10-16; 14:33:31;  CPU load is very high; ; Triggered on 3 hosts; d00000
2017-10-16; 14:33:24;  CPU load is very high on host; solrslave-10-10-6-240; Triggered; d00000
2017-10-16; 14:33:23;  CPU load is very high on host; solrslave-10-10-6-50; Triggered; d00000
2017-10-16; 14:32:25;  CPU load is very high on host; solrslave-10-10-6-53; Recovered; 36a64f
2017-10-16; 14:32:24;  CPU load is very high on host; solrslave-10-10-7-183; Triggered; d00000
2017-10-16; 14:31:25;  CPU load is very high on host; solrslave-10-10-6-39; Triggered; d00000
2017-10-16; 14:31:24;  CPU load is very high on host; solrslave-10-10-6-53; Triggered; d00000
2017-10-16; 14:29:25;  CPU load is very high on host; solrslave-10-10-6-52; Triggered; d00000
2017-10-16; 14:29:25;  CPU load is very high on host; solrslave-10-10-7-174; Triggered; d00000
2017-10-16; 14:28:29;  CPU load is very high on host; solrslave-10-10-7-177; Triggered; d00000
2017-10-16; 11:44:26;  CPU load is very high on host; solrslave-10-10-6-54; Recovered; 36a64f
2017-10-16; 11:43:29;  CPU load is very high on host; solrslave-10-10-7-174; Recovered; 36a64f
2017-10-16; 11:42:27;  CPU load is very high on host; solrslave-10-10-7-16; Recovered; 36a64f
2017-10-16; 11:42:26;  CPU load is very high on host; solrslave-10-10-6-50; Recovered; 36a64f
2017-10-16; 11:41:42;  CPU load is very high on host; serenity-10-10-15-89; Recovered; 36a64f
2017-10-16; 11:41:41;  CPU load is very high on host; solrslave-10-10-7-174; Triggered; d00000
2017-10-16; 11:40:27;  CPU load is very high on host; serenity-10-10-15-96; Recovered; 36a64f
2017-10-16; 11:39:32;  CPU load is very high on host; serenity-10-10-15-89; Triggered; d00000
2017-10-16; 11:39:31;  CPU load is very high on host; solrslave-10-10-6-240; Recovered; 36a64f
2017-10-16; 11:39:30;  CPU load is very high on host; serenity-10-10-15-96; Triggered; d00000
2017-10-16; 11:38:28;  CPU load is very high on host; solrslave-10-10-7-248; Recovered; 36a64f
2017-10-16; 11:38:28;  CPU load is very high on host; solrslave-10-10-6-53; Recovered; 36a64f
2017-10-16; 11:38:27;  CPU load is very high on host; solrslave-10-10-6-240; Triggered; d00000
2017-10-16; 11:38:25;  CPU load is very high on host; solrslave-10-10-6-50; Triggered; d00000
2017-10-16; 11:37:25;  CPU load is very high on host; solrslave-10-10-6-81; Recovered; 36a64f
2017-10-16; 11:33:51;  CPU load is very high; ; Triggered on 3 hosts; d00000
2017-10-16; 11:33:28;  CPU load is very high on host; solrslave-10-10-7-16; Triggered; d00000
2017-10-16; 11:33:27;  CPU load is very high on host; solrslave-10-10-6-54; Triggered; d00000
2017-10-16; 03:23:31;  CPU load is very high; ; Recovered on 9 hosts; 36a64f
2017-10-16; 03:23:25;  CPU load is very high on host; solrslave-10-10-7-177; Recovered; 36a64f
2017-10-16; 03:23:24;  CPU load is very high on host; solrslave-10-10-7-174; Recovered; 36a64f
2017-10-16; 03:22:29;  CPU load is very high on host; solrslave-10-10-7-128; Triggered; d00000
2017-10-16; 03:22:29;  CPU load is very high on host; solrslave-10-10-6-69; Recovered; 36a64f
2017-10-16; 03:21:37;  CPU load is very high on host; solrslave-10-10-6-81; Triggered; d00000
2017-10-16; 03:20:51;  CPU load is very high on host; solrslave-10-10-7-19; Recovered; 36a64f
2017-10-16; 03:20:50;  CPU load is very high; ; Triggered on 8 hosts; d00000
2017-10-16; 03:20:27;  CPU load is very high on host; solrslave-10-10-6-240; Recovered; 36a64f
2017-10-16; 03:20:27;  CPU load is very high on host; solrslave-10-10-7-43; Recovered; 36a64f
2017-10-16; 03:20:26;  CPU load is very high on host; solrslave-10-10-7-177; Triggered; d00000
2017-10-16; 03:20:26;  CPU load is very high on host; solrslave-10-10-7-174; Triggered; d00000
2017-10-16; 03:15:27;  CPU load is very high on host; solrslave-10-10-7-19; Triggered; d00000
2017-10-16; 03:14:35;  CPU load is very high on host; solrslave-10-10-7-43; Triggered; d00000
2017-10-16; 03:13:26;  CPU load is very high on host; solrslave-10-10-7-19; Recovered; 36a64f
2017-10-16; 03:11:30;  CPU load is very high on host; solrslave-10-10-7-19; Triggered; d00000
2017-10-16; 03:11:27;  CPU load is very high on host; solrslave-10-10-6-240; Triggered; d00000
2017-10-14; 13:15:27;  CPU load is very high on host; serenity-10-10-15-89; Recovered; 36a64f
2017-10-14; 13:12:28;  CPU load is very high on host; serenity-10-10-15-96; Recovered; 36a64f
2017-10-14; 13:10:21;  CPU load is very high on host; serenity-10-10-15-94; Recovered; 36a64f
2017-10-14; 13:06:33;  CPU load is very high on host; serenity-10-10-15-96; Triggered; d00000
2017-10-14; 13:05:29;  CPU load is very high on host; serenity-10-10-15-89; Triggered; d00000
2017-10-14; 13:04:26;  CPU load is very high on host; serenity-10-10-15-94; Triggered; d00000
2017-10-14; 09:44:21;  RDS Replication Lag Is Too High on hostname; production-replicadb.ct4xp2vhcfwk.us-west-1.rds.amazonaws.com; Recovered; 36a64f
2017-10-14; 09:34:20;  RDS Replication Lag Is Too High on hostname; production-replicadb.ct4xp2vhcfwk.us-west-1.rds.amazonaws.com; Triggered; d00000
2017-10-13; 11:08:29;  CPU load is very high on host; serenity-10-10-15-94; Recovered; 36a64f
2017-10-13; 11:07:38;  CPU load is very high on host; serenity-10-10-15-89; Recovered; 36a64f
2017-10-13; 11:06:29;  CPU load is very high on host; serenity-10-10-15-89; Triggered; d00000
2017-10-13; 11:04:35;  CPU load is very high on host; serenity-10-10-15-89; Recovered; 36a64f
2017-10-13; 11:04:28;  CPU load is very high on host; serenity-10-10-15-94; Triggered; d00000
2017-10-13; 11:03:27;  CPU load is very high on host; serenity-10-10-15-89; Triggered; d00000
2017-10-12; 10:45:27;  CPU load is very high on host; serenity-10-10-15-96; Recovered; 36a64f
2017-10-12; 10:44:26;  CPU load is very high on host; serenity-10-10-15-96; Triggered; d00000
2017-10-12; 00:04:24;  CPU load is very high on host; serenity-10-10-14-193; Recovered; 36a64f
2017-10-12; 00:04:22;  CPU load is very high on host; serenity-10-10-15-96; Recovered; 36a64f
2017-10-12; 00:03:24;  CPU load is very high on host; serenity-10-10-15-89; Recovered; 36a64f
2017-10-12; 00:02:27;  CPU load is very high on host; serenity-10-10-14-193; Triggered; d00000
2017-10-12; 00:02:25;  CPU load is very high on host; serenity-10-10-15-89; Triggered; d00000
2017-10-12; 00:02:23;  CPU load is very high on host; serenity-10-10-15-96; Triggered; d00000
2017-10-11; 16:44:18;  RDS Replication Lag Is Too High on hostname; production-replicadb.ct4xp2vhcfwk.us-west-1.rds.amazonaws.com; Recovered; 36a64f
2017-10-11; 16:34:21;  RDS Replication Lag Is Too High on hostname; production-replicadb.ct4xp2vhcfwk.us-west-1.rds.amazonaws.com; Triggered; d00000
2017-10-10; 19:44:24;  RDS Replication Lag Is Too High on hostname; production-replicadb.ct4xp2vhcfwk.us-west-1.rds.amazonaws.com; Recovered; 36a64f
2017-10-10; 19:36:23;  RDS Replication Lag Is Too High on hostname; production-replicadb.ct4xp2vhcfwk.us-west-1.rds.amazonaws.com; Triggered; d00000
2017-10-09; 14:05:24;  RDS Replication Lag Is Too High on hostname; production-replicadb.ct4xp2vhcfwk.us-west-1.rds.amazonaws.com; Recovered; 36a64f
2017-10-09; 13:55:17;  RDS Replication Lag Is Too High on hostname; production-replicadb.ct4xp2vhcfwk.us-west-1.rds.amazonaws.com; Triggered; d00000
2017-10-08; 20:44:32;  SOLR Slave Docs Out of Sync With Master; ; Recovered on 14 hosts; 36a64f
2017-10-08; 20:44:08;  SOLR Slave Docs Out of Sync With Master on host; solrslave-10-10-6-52; Recovered; 36a64f
2017-10-08; 20:44:07;  SOLR Slave Docs Out of Sync With Master on host; solrslave-10-10-7-174; Recovered; 36a64f
2017-10-08; 19:33:40;  SOLR Slave Docs Out of Sync With Master; ; Triggered on 14 hosts; d00000
2017-10-08; 19:33:06;  SOLR Slave Docs Out of Sync With Master on host; solrslave-10-10-6-52; Triggered; d00000
2017-10-08; 19:33:06;  SOLR Slave Docs Out of Sync With Master on host; solrslave-10-10-7-174; Triggered; d00000
2017-10-07; 00:25:35;  SOLR Slave Docs Out of Sync With Master; ; Recovered on 14 hosts; 36a64f
2017-10-07; 00:25:21;  SOLR Slave Docs Out of Sync With Master on host; solrslave-10-10-6-52; Recovered; 36a64f
2017-10-07; 00:25:20;  SOLR Slave Docs Out of Sync With Master on host; solrslave-10-10-7-174; Recovered; 36a64f
2017-10-06; 23:32:31;  SOLR Slave Docs Out of Sync With Master; ; Triggered on 14 hosts; d00000
2017-10-06; 23:32:14;  SOLR Slave Docs Out of Sync With Master on host; solrslave-10-10-6-52; Triggered; d00000
2017-10-06; 23:32:14;  SOLR Slave Docs Out of Sync With Master on host; solrslave-10-10-7-174; Triggered; d00000
2017-10-06; 11:18:38;  Gravity response over (400ms) impacting Mail builders; ; Recovered; 36a64f
2017-10-06; 10:28:35;  Gravity response over (400ms) impacting Mail builders; ; Triggered; d00000
2017-10-06; 05:28:32;  Gravity response over (400ms) impacting Mail builders; ; Recovered; 36a64f
2017-10-06; 05:22:35;  Gravity response over (400ms) impacting Mail builders; ; Triggered; d00000
2017-10-06; 05:03:34;  Gravity response over (400ms) impacting Mail builders; ; Recovered; 36a64f
2017-10-06; 04:56:35;  Gravity response over (400ms) impacting Mail builders; ; Triggered; d00000
2017-10-04; 15:18:41;  Gravity response over (400ms) impacting Mail builders; ; Recovered; 36a64f
2017-10-04; 15:17:36;  Gravity response over (400ms) impacting Mail builders; ; Triggered; d00000
2017-10-03; 10:34:22;  CPU load is very high on host; serenity-10-10-15-89; Recovered; 36a64f
2017-10-03; 10:32:23;  CPU load is very high on host; serenity-10-10-15-89; Triggered; d00000
2017-10-03; 07:44:18;  RDS Replication Lag Is Too High on hostname; production-replicadb.ct4xp2vhcfwk.us-west-1.rds.amazonaws.com; Recovered; 36a64f
2017-10-03; 07:34:22;  RDS Replication Lag Is Too High on hostname; production-replicadb.ct4xp2vhcfwk.us-west-1.rds.amazonaws.com; Triggered; d00000
2017-10-02; 23:17:43;  Gravity response over (400ms) impacting Mail builders; ; Recovered; 36a64f
2017-10-02; 21:17:32;  Gravity response over (400ms) impacting Mail builders; ; Triggered; d00000
2017-10-02; 17:52:29;  Jora high disk usage on host; trendy-10-10-15-109; Recovered; 36a64f
2017-10-02; 15:22:31;  Gravity response over (400ms) impacting Mail builders; ; Recovered; 36a64f
2017-10-02; 15:18:30;  Gravity response over (400ms) impacting Mail builders; ; Triggered; d00000
2017-10-02; 13:55:18;  RDS Replication Lag Is Too High on hostname; production-replicadb.ct4xp2vhcfwk.us-west-1.rds.amazonaws.com; Recovered; 36a64f
2017-10-02; 13:45:23;  RDS Replication Lag Is Too High on hostname; production-replicadb.ct4xp2vhcfwk.us-west-1.rds.amazonaws.com; Triggered; d00000
2017-10-02; 10:05:20;  RDS Replication Lag Is Too High on hostname; production-replicadb.ct4xp2vhcfwk.us-west-1.rds.amazonaws.com; Recovered; 36a64f
2017-10-02; 09:55:22;  RDS Replication Lag Is Too High on hostname; production-replicadb.ct4xp2vhcfwk.us-west-1.rds.amazonaws.com; Triggered; d00000
2017-10-01; 23:14:34;  Jora Jobs RDS CPU Too High on name; production-db; Recovered; 36a64f
2017-10-01; 23:14:33;  Jora Jobs RDS CPU Too High on name; production-replicadb; Recovered; 36a64f
2017-10-01; 22:55:36;  Jora Jobs RDS CPU Too High on name; production-replicadb; Triggered; d00000
2017-10-01; 22:25:36;  Jora Jobs RDS CPU Too High on name; production-db; Triggered; d00000
2017-10-01; 20:41:20;  Resque Pending Jobs Is Too High; ; Recovered; 36a64f
2017-10-01; 19:44:30;  Jora Jobs RDS CPU Too High on name; production-db; Recovered; 36a64f
2017-10-01; 19:34:30;  Jora Jobs RDS CPU Too High on name; production-db; Triggered; d00000
2017-10-01; 18:28:33;  SOLR Slave Docs Out of Sync With Master; ; Recovered on 14 hosts; 36a64f
2017-10-01; 18:28:09;  SOLR Slave Docs Out of Sync With Master on host; solrslave-10-10-6-52; Recovered; 36a64f
2017-10-01; 18:28:08;  SOLR Slave Docs Out of Sync With Master on host; solrslave-10-10-7-174; Recovered; 36a64f
2017-10-01; 15:56:28;  Jora high disk usage on host; trendy-10-10-15-109; Triggered; d00000
2017-10-01; 15:31:25;  [Datadog] [Triggered] Resque Pending Jobs Is Too High; ; Alert; 
2017-10-01; 15:31:21;  Resque Pending Jobs Is Too High; ; Triggered; d00000
2017-10-01; 15:19:33;  Gravity response over (400ms) impacting Mail builders; ; Recovered; 36a64f
2017-10-01; 15:17:33;  Gravity response over (400ms) impacting Mail builders; ; Triggered; d00000
2017-10-01; 15:02:45;  SOLR Slave Docs Out of Sync With Master; ; Triggered on 14 hosts; d00000
2017-10-01; 15:02:08;  SOLR Slave Docs Out of Sync With Master on host; solrslave-10-10-6-52; Triggered; d00000
2017-10-01; 15:02:07;  SOLR Slave Docs Out of Sync With Master on host; solrslave-10-10-7-174; Triggered; d00000
2017-10-01; 11:27:34;  SOLR Slave Docs Out of Sync With Master; ; Recovered on 14 hosts; 36a64f
2017-10-01; 11:27:11;  SOLR Slave Docs Out of Sync With Master on host; solrslave-10-10-6-52; Recovered; 36a64f
2017-10-01; 11:27:10;  SOLR Slave Docs Out of Sync With Master on host; solrslave-10-10-7-174; Recovered; 36a64f
2017-10-01; 10:45:31;  SOLR Slave Docs Out of Sync With Master; ; Triggered on 14 hosts; d00000
2017-10-01; 10:45:08;  SOLR Slave Docs Out of Sync With Master on host; solrslave-10-10-6-52; Triggered; d00000
2017-10-01; 10:45:06;  SOLR Slave Docs Out of Sync With Master on host; solrslave-10-10-7-174; Triggered; d00000
2017-10-01; 08:54:21;  Crawler CPU Load is very high crawler-10-10-4-46 IP;  10.10.4.46 AWS TAG; Recovered; 36a64f
2017-10-01; 08:51:28;  Crawler CPU Load is very high crawler-10-10-4-46 IP;  10.10.4.46 AWS TAG; Triggered; d00000
2017-10-01; 08:46:31;  SOLR Slave Docs Out of Sync With Master; ; Recovered on 14 hosts; 36a64f
2017-10-01; 08:46:08;  SOLR Slave Docs Out of Sync With Master on host; solrslave-10-10-6-52; Recovered; 36a64f
2017-10-01; 08:46:07;  SOLR Slave Docs Out of Sync With Master on host; solrslave-10-10-7-174; Recovered; 36a64f
2017-10-01; 06:26:32;  SOLR Slave Docs Out of Sync With Master; ; Triggered on 14 hosts; d00000
2017-10-01; 06:26:06;  SOLR Slave Docs Out of Sync With Master on host; solrslave-10-10-6-52; Triggered; d00000
2017-10-01; 06:26:05;  SOLR Slave Docs Out of Sync With Master on host; solrslave-10-10-7-174; Triggered; d00000
2017-09-30; 14:19:35;  Gravity response over (400ms) impacting Mail builders; ; Recovered; 36a64f
2017-09-30; 14:18:34;  Gravity response over (400ms) impacting Mail builders; ; Triggered; d00000
2017-09-30; 09:52:31;  Email Alert Failed to Send on site_id; sg; No data; d00000
2017-09-29; 14:17:42;  Gravity response over (400ms) impacting Mail builders; ; Recovered; 36a64f
2017-09-29; 11:58:31;  Gravity response over (400ms) impacting Mail builders; ; Triggered; d00000
2017-09-29; 07:31:34;  Gravity response over (400ms) impacting Mail builders; ; Recovered; 36a64f
2017-09-29; 07:17:33;  Gravity response over (400ms) impacting Mail builders; ; Triggered; d00000
2017-09-28; 09:29:32;  Gravity response over (400ms) impacting Mail builders; ; Recovered; 36a64f
2017-09-28; 09:12:35;  Gravity response over (400ms) impacting Mail builders; ; Triggered; d00000
2017-09-28; 09:08:35;  Gravity response over (400ms) impacting Mail builders; ; Recovered; 36a64f
2017-09-28; 09:07:37;  Gravity response over (400ms) impacting Mail builders; ; Triggered; d00000
2017-09-28; 08:29:33;  Gravity response over (400ms) impacting Mail builders; ; Recovered; 36a64f
2017-09-28; 08:07:34;  Gravity response over (400ms) impacting Mail builders; ; Triggered; d00000
2017-09-28; 08:04:30;  Gravity response over (400ms) impacting Mail builders; ; Recovered; 36a64f
2017-09-28; 08:03:35;  Gravity response over (400ms) impacting Mail builders; ; Triggered; d00000
2017-09-28; 08:02:28;  Gravity response over (400ms) impacting Mail builders; ; Recovered; 36a64f
2017-09-28; 07:47:42;  Gravity response over (400ms) impacting Mail builders; ; Triggered; d00000
2017-09-27; 19:52:57;  Jora - ELB Too Many Unhealthy Hosts on name; production-proxy-elb; Recovered; 36a64f
2017-09-27; 18:57:32;  Jupiter Ad delivery (Seek response time increased); ; Recovered; 36a64f
2017-09-27; 18:51:24;  Jupiter Ad delivery (Seek response time increased); ; Triggered; d00000
2017-09-27; 16:42:57;  Jora - ELB Too Many Unhealthy Hosts on name; production-proxy-elb; Triggered; d00000
2017-09-26; 14:19:37;  Gravity response over (400ms) impacting Mail builders; ; Recovered; 36a64f
2017-09-26; 14:17:31;  Gravity response over (400ms) impacting Mail builders; ; Triggered; d00000
2017-09-26; 12:38:30;  Suggested (or Related) search API service response time increased; ; Recovered; 36a64f
2017-09-26; 12:25:35;  Suggested (or Related) search API service response time increased; ; Triggered; d00000
2017-09-26; 11:58:34;  Suggested (or Related) search API service response time increased; ; Recovered; 36a64f
2017-09-26; 11:54:37;  Suggested (or Related) search API service response time increased; ; Triggered; d00000
2017-09-26; 11:35:35;  Suggested (or Related) search API service response time increased; ; Recovered; 36a64f
2017-09-26; 11:31:44;  Suggested (or Related) search API service response time increased; ; Triggered; d00000
2017-09-26; 11:12:47;  Suggested (or Related) search API service response time increased; ; Recovered; 36a64f
2017-09-26; 10:47:35;  Suggested (or Related) search API service response time increased; ; Triggered; d00000
2017-09-26; 10:33:36;  Suggested (or Related) search API service response time increased; ; Recovered; 36a64f
2017-09-26; 08:19:34;  Suggested (or Related) search API service response time increased; ; Recovered; 36a64f
2017-09-26; 08:08:30;  Suggested (or Related) search API service response time increased; ; Triggered; d00000
2017-09-25; 13:53:31;  Jupiter ES Logging disk in use &gt; 90%; ; Recovered; 36a64f
2017-09-25; 13:04:31;  Jupiter ES Logging disk in use &gt; 90%; ; Triggered; d00000
2017-09-25; 12:52:28;  Jupiter ES Logging disk in use &gt; 90%; ; Recovered; 36a64f
2017-09-25; 12:32:31;  Jupiter ES Logging disk in use &gt; 90%; ; Triggered; d00000
2017-09-25; 12:21:32;  Jupiter ES Logging disk in use &gt; 90%; ; Recovered; 36a64f
2017-09-25; 12:11:31;  Jupiter ES Logging disk in use &gt; 90%; ; Triggered; d00000
2017-09-25; 11:22:32;  Jupiter ES Logging disk in use &gt; 90%; ; Recovered; 36a64f
2017-09-25; 11:04:30;  Jupiter ES Logging disk in use &gt; 90%; ; Triggered; d00000
2017-09-25; 08:50:32;  Jupiter ES Logging disk in use &gt; 90%; ; Recovered; 36a64f
2017-09-25; 08:36:30;  Jupiter ES Logging disk in use &gt; 90%; ; Triggered; d00000
2017-09-25; 08:35:31;  Jupiter ES Logging disk in use &gt; 90%; ; Recovered; 36a64f
2017-09-25; 08:29:32;  Jupiter ES Logging disk in use &gt; 90%; ; Triggered; d00000
2017-09-25; 03:20:29;  Jupiter ES Logging disk in use &gt; 90%; ; Recovered; 36a64f
2017-09-25; 02:46:28;  Jupiter ES Logging disk in use &gt; 90%; ; Triggered; d00000
2017-09-24; 21:48:30;  Jupiter ES Logging disk in use &gt; 90%; ; Recovered; 36a64f
2017-09-24; 21:42:28;  Jupiter ES Logging disk in use &gt; 90%; ; Triggered; d00000
2017-09-23; 05:33:11;  CPU load is very high on host; serenity-10-10-15-89; Recovered; 36a64f
2017-09-23; 05:31:39;  CPU load is very high on host; serenity-10-10-15-89; Triggered; d00000
2017-09-23; 05:31:31;  CPU load is very high on host; serenity-10-10-15-94; Recovered; 36a64f
2017-09-23; 05:29:50;  CPU load is very high on host; serenity-10-10-15-94; Triggered; d00000
2017-09-22; 13:14:21;  RDS Replication Lag Is Too High on hostname; production-replicadb.ct4xp2vhcfwk.us-west-1.rds.amazonaws.com; Recovered; 36a64f
2017-09-22; 13:04:22;  RDS Replication Lag Is Too High on hostname; production-replicadb.ct4xp2vhcfwk.us-west-1.rds.amazonaws.com; Triggered; d00000
2017-09-22; 08:44:27;  RDS Replication Lag Is Too High on hostname; production-replicadb.ct4xp2vhcfwk.us-west-1.rds.amazonaws.com; Recovered; 36a64f
2017-09-22; 08:34:21;  RDS Replication Lag Is Too High on hostname; production-replicadb.ct4xp2vhcfwk.us-west-1.rds.amazonaws.com; Triggered; d00000
2017-09-21; 14:19:37;  Gravity response over (400ms) impacting Mail builders; ; Recovered; 36a64f
2017-09-21; 14:17:39;  Gravity response over (400ms) impacting Mail builders; ; Triggered; d00000
2017-09-20; 14:19:45;  Gravity response over (400ms) impacting Mail builders; ; Recovered; 36a64f
2017-09-20; 14:17:37;  Gravity response over (400ms) impacting Mail builders; ; Triggered; d00000
2017-09-20; 02:07:55;  SOLR Slave Docs Out of Sync With Master; ; Triggered on 9 hosts; d00000
2017-09-20; 02:07:19;  SOLR Slave Docs Out of Sync With Master on host; solrslave-10-10-6-52; Triggered; d00000
2017-09-20; 02:07:18;  SOLR Slave Docs Out of Sync With Master on host; solrslave-10-10-7-174; Triggered; d00000
2017-09-20; 02:06:27;  SOLR Slave Docs Out of Sync With Master on host; solrslave-10-10-6-81; Triggered; d00000
2017-09-20; 02:06:11;  SOLR Slave Docs Out of Sync With Master on host; solrslave-10-10-6-54; Triggered; d00000
2017-09-20; 02:06:09;  SOLR Slave Docs Out of Sync With Master on host; solrslave-10-10-6-50; Triggered; d00000
2017-09-19; 14:20:34;  Gravity response over (400ms) impacting Mail builders; ; Recovered; 36a64f
2017-09-19; 14:17:41;  Gravity response over (400ms) impacting Mail builders; ; Triggered; d00000
2017-09-18; 14:20:32;  Gravity response over (400ms) impacting Mail builders; ; Recovered; 36a64f
2017-09-18; 14:18:30;  Gravity response over (400ms) impacting Mail builders; ; Triggered; d00000
2017-09-18; 07:28:38;  Sidekiq Queue;  Ad Indexing is too high; Recovered; 36a64f
2017-09-18; 07:27:35;  Sidekiq Queue;  Ad Indexing is too high; Triggered; d00000
2017-09-18; 07:21:41;  Sidekiq Queue;  Ad Indexing is too high; Recovered; 36a64f
2017-09-18; 07:16:39;  Sidekiq Queue;  Ad Indexing is too high; Triggered; d00000
2017-09-17; 21:59:33;  Sidekiq Queue;  Ad Indexing is too high; Recovered; 36a64f
2017-09-17; 21:30:39;  Sidekiq Queue;  Ad Indexing is too high; Triggered; d00000
2017-09-17; 17:58:36;  Sidekiq Queue;  Ad Indexing is too high; Recovered; 36a64f
2017-09-17; 17:31:37;  Sidekiq Queue;  Ad Indexing is too high; Triggered; d00000
2017-09-17; 08:16:34;  Sidekiq Queue;  Ad Indexing is too high; Recovered; 36a64f
2017-09-17; 07:38:39;  Sidekiq Queue;  Ad Indexing is too high; Triggered; d00000
2017-09-16; 20:03:30;  Sidekiq Queue;  Ad Indexing is too high; Recovered; 36a64f
2017-09-16; 19:32:32;  Sidekiq Queue;  Ad Indexing is too high; Triggered; d00000
2017-09-16; 05:53:51;  Sidekiq Queue;  Ad Indexing is too high; Recovered; 36a64f
2017-09-16; 05:28:47;  Sidekiq Queue;  Ad Indexing is too high; Triggered; d00000
2017-09-15; 20:08:34;  Sidekiq Queue;  Ad Indexing is too high; Recovered; 36a64f
2017-09-15; 19:39:34;  Sidekiq Queue;  Ad Indexing is too high; Triggered; d00000
2017-09-15; 16:43:54;  Sidekiq Queue;  Ad Indexing is too high; Recovered; 36a64f
2017-09-15; 16:30:38;  Sidekiq Queue;  Ad Indexing is too high; Triggered; d00000
2017-09-15; 12:16:51;  Sidekiq Queue;  Ad Indexing is too high; Recovered; 36a64f
2017-09-15; 11:38:36;  Sidekiq Queue;  Ad Indexing is too high; Triggered; d00000
2017-09-15; 08:12:01;  Sidekiq Queue;  Ad Indexing is too high; Recovered; 36a64f
2017-09-15; 07:57:38;  Sidekiq Queue;  Ad Indexing is too high; Triggered; d00000
2017-09-14; 14:16:40;  Sidekiq Queue;  Ad Indexing is too high; Recovered; 36a64f
2017-09-14; 14:09:37;  Jupiter Ad delivery (Seek response time increased); ; Recovered; 36a64f
2017-09-14; 14:06:34;  Jupiter Ad delivery (Seek response time increased); ; Warn; daa038
2017-09-14; 13:50:41;  Sidekiq Queue;  Ad Indexing is too high; Triggered; d00000
2017-09-14; 02:15:48;  Sidekiq Queue;  Ad Indexing is too high; Recovered; 36a64f
2017-09-14; 02:04:39;  Sidekiq Queue;  Ad Indexing is too high; Triggered; d00000
2017-09-13; 18:13:43;  Sidekiq Queue;  Ad Indexing is too high; Recovered; 36a64f
2017-09-13; 17:51:46;  Sidekiq Queue;  Ad Indexing is too high; Triggered; d00000
2017-09-12; 14:20:33;  Sidekiq Queue;  Ad Indexing is too high; Recovered; 36a64f
2017-09-12; 14:08:49;  Sidekiq Queue;  Ad Indexing is too high; Triggered; d00000
2017-09-12; 09:55:48;  Sidekiq Queue;  Ad Indexing is too high; Recovered; 36a64f
2017-09-12; 09:40:39;  Sidekiq Queue;  Ad Indexing is too high; Triggered; d00000
2017-09-12; 02:03:44;  Sidekiq Queue;  Ad Indexing is too high; Recovered; 36a64f
2017-09-12; 01:45:35;  Sidekiq Queue;  Ad Indexing is too high; Triggered; d00000
2017-09-11; 15:08:47;  Gravity response over (400ms) impacting Mail builders; ; Recovered; 36a64f
2017-09-11; 15:03:33;  Gravity response over (400ms) impacting Mail builders; ; Triggered; d00000
2017-09-11; 14:24:42;  Gravity response over (400ms) impacting Mail builders; ; Recovered; 36a64f
2017-09-11; 14:18:52;  Gravity response over (400ms) impacting Mail builders; ; Triggered; d00000
2017-09-11; 14:00:45;  SOLR Slave Docs Out of Sync With Master; ; Recovered on 12 hosts; 36a64f
2017-09-11; 14:00:24;  SOLR Slave Docs Out of Sync With Master on host; solrslave-10-10-6-52; Recovered; 36a64f
2017-09-11; 14:00:23;  SOLR Slave Docs Out of Sync With Master on host; solrslave-10-10-7-174; Recovered; 36a64f
2017-09-11; 13:55:33;  SOLR Slave Docs Out of Sync With Master; ; Triggered on 12 hosts; d00000
2017-09-11; 13:55:18;  SOLR Slave Docs Out of Sync With Master on host; solrslave-10-10-6-52; Triggered; d00000
2017-09-11; 13:55:17;  SOLR Slave Docs Out of Sync With Master on host; solrslave-10-10-7-174; Triggered; d00000
2017-09-08; 19:47:42;  Crawler CPU Load is very high crawler-10-10-4-101 IP;  10.10.4.101 AWS TAG; Recovered; 36a64f
2017-09-08; 19:44:36;  Crawler CPU Load is very high crawler-10-10-4-101 IP;  10.10.4.101 AWS TAG; Triggered; d00000
2017-09-08; 12:02:39;  Email Alert Failed to Send on site_id; la; Recovered; 36a64f
2017-09-08; 12:01:36;  Sidekiq Queue;  Ad Indexing is too high; Recovered; 36a64f
2017-09-08; 11:45:41;  Sidekiq Queue;  Ad Indexing is too high; Triggered; d00000
2017-09-08; 03:35:32;  Crawler CPU Load is very high crawler-10-10-5-84 IP;  10.10.5.84 AWS TAG; Triggered; d00000
2017-09-07; 23:18:27;  Jupiter Ad delivery (Seek response time increased); ; Recovered; 36a64f
2017-09-07; 23:02:23;  Jupiter Ad delivery (Seek response time increased); ; Triggered; d00000
2017-09-07; 15:18:38;  CPU load is very high on host; worker-10-10-2-188; Recovered; 36a64f
2017-09-07; 15:18:28;  CPU load is very high on host; worker-10-10-3-48; Recovered; 36a64f
2017-09-07; 15:14:24;  CPU load is very high on host; worker-10-10-2-215; Recovered; 36a64f
2017-09-07; 15:13:31;  CPU load is very high on host; i-0fe85734e3b501e60; Recovered; 36a64f
2017-09-07; 13:47:27;  CPU load is very high on host; i-0fe85734e3b501e60; Triggered; d00000
2017-09-07; 13:32:29;  CPU load is very high on host; i-0fe85734e3b501e60; Recovered; 36a64f
2017-09-07; 12:47:35;  CPU load is very high on host; worker-10-10-2-215; Triggered; d00000
2017-09-07; 12:32:23;  CPU load is very high on host; worker-10-10-2-215; Recovered; 36a64f
2017-09-07; 12:16:35;  CPU load is very high on host; worker-10-10-3-48; Triggered; d00000
2017-09-07; 12:10:30;  CPU load is very high on host; worker-10-10-2-188; Triggered; d00000
2017-09-07; 12:06:27;  CPU load is very high on host; worker-10-10-2-215; Triggered; d00000
2017-09-07; 12:02:35;  CPU load is very high on host; worker-10-10-2-215; Recovered; 36a64f
2017-09-07; 12:01:39;  CPU load is very high on host; worker-10-10-2-188; Recovered; 36a64f
2017-09-07; 12:01:38;  CPU load is very high on host; worker-10-10-3-48; Recovered; 36a64f
2017-09-07; 11:58:30;  CPU load is very high on host; worker-10-10-2-215; Triggered; d00000
2017-09-07; 11:55:36;  CPU load is very high on host; worker-10-10-2-215; Recovered; 36a64f
2017-09-07; 11:54:31;  CPU load is very high on host; worker-10-10-2-215; Triggered; d00000
2017-09-07; 11:51:31;  CPU load is very high on host; i-0fe85734e3b501e60; Triggered; d00000
2017-09-07; 11:46:33;  CPU load is very high on host; worker-10-10-3-48; Triggered; d00000
2017-09-07; 11:32:28;  CPU load is very high on host; worker-10-10-3-48; Recovered; 36a64f
2017-09-07; 11:31:28;  CPU load is very high on host; i-0fe85734e3b501e60; Recovered; 36a64f
2017-09-07; 11:23:29;  CPU load is very high on host; i-0fe85734e3b501e60; Triggered; d00000
2017-09-07; 11:22:33;  CPU load is very high on host; worker-10-10-2-215; Recovered; 36a64f
2017-09-07; 11:21:39;  CPU load is very high on host; i-0fe85734e3b501e60; Recovered; 36a64f
2017-09-07; 11:20:26;  CPU load is very high on host; i-0fe85734e3b501e60; Triggered; d00000
2017-09-07; 11:16:40;  Crawler CPU Load is very high crawler-10-10-4-37 IP;  10.10.4.37 AWS TAG; Recovered; 36a64f
2017-09-07; 11:16:27;  CPU load is very high on host; worker-10-10-3-48; Triggered; d00000
2017-09-07; 11:15:39;  Crawler CPU Load is very high crawler-10-10-4-37 IP;  10.10.4.37 AWS TAG; Triggered; d00000
2017-09-07; 11:09:31;  CPU load is very high on host; worker-10-10-3-48; Recovered; 36a64f
2017-09-07; 11:05:28;  CPU load is very high on host; worker-10-10-3-48; Triggered; d00000
2017-09-07; 11:01:26;  CPU load is very high on host; worker-10-10-3-48; Recovered; 36a64f
2017-09-07; 11:00:34;  CPU load is very high on host; worker-10-10-3-48; Triggered; d00000
2017-09-07; 10:57:22;  CPU load is very high on host; worker-10-10-2-215; Triggered; d00000
2017-09-07; 10:54:30;  CPU load is very high on host; worker-10-10-2-188; Triggered; d00000
2017-09-07; 10:35:27;  CPU load is very high on host; worker-10-10-2-188; Recovered; 36a64f
2017-09-07; 10:31:26;  CPU load is very high on host; worker-10-10-2-215; Recovered; 36a64f
2017-09-07; 10:30:33;  CPU load is very high on host; worker-10-10-3-48; Recovered; 36a64f
2017-09-07; 10:28:25;  CPU load is very high on host; i-0fe85734e3b501e60; Recovered; 36a64f
2017-09-07; 10:23:48;  CPU load is very high; ; Triggered on 2 hosts; d00000
2017-09-07; 10:23:46;  CPU load is very high on host; worker-10-10-2-215; Triggered; d00000
2017-09-07; 10:23:45;  CPU load is very high on host; i-0fe85734e3b501e60; Triggered; d00000
2017-09-06; 16:13:00;  Jora - ELB Too Many Unhealthy Hosts on name; production-geocoderapi-elb; Recovered; 36a64f
2017-09-06; 15:53:00;  Jora - ELB Too Many Unhealthy Hosts on name; production-geocoderapi-elb; Triggered; d00000
2017-09-06; 15:32:57;  Jora - ELB Too Many Unhealthy Hosts on name; production-geocoderapi-elb; Recovered; 36a64f
2017-09-06; 15:22:57;  Jora - ELB Too Many Unhealthy Hosts on name; production-geocoderapi-elb; Triggered; d00000
2017-09-06; 14:53:00;  Jora - ELB Too Many Unhealthy Hosts on name; production-geocoderapi-elb; Recovered; 36a64f
2017-09-06; 14:42:56;  Jora - ELB Too Many Unhealthy Hosts on name; production-geocoderapi-elb; Triggered; d00000
2017-09-06; 13:07:32;  CPU load is very high on host; worker-10-10-2-188; Recovered; 36a64f
2017-09-06; 13:05:35;  CPU load is very high on host; worker-10-10-2-188; Triggered; d00000
2017-09-06; 13:04:50;  CPU load is very high; ; Recovered on 2 hosts; 36a64f
2017-09-06; 13:04:33;  CPU load is very high on host; worker-10-10-3-99; Recovered; 36a64f
2017-09-06; 13:04:32;  CPU load is very high on host; i-0fe85734e3b501e60; Recovered; 36a64f
2017-09-06; 13:04:28;  RDS Replication Lag Is Too High on hostname; production-replicadb.ct4xp2vhcfwk.us-west-1.rds.amazonaws.com; Recovered; 36a64f
2017-09-06; 13:02:38;  CPU load is very high on host; worker-10-10-3-49; Recovered; 36a64f
2017-09-06; 13:01:27;  CPU load is very high on host; worker-10-10-2-215; Recovered; 36a64f
2017-09-06; 12:57:33;  CPU load is very high on host; worker-10-10-2-188; Triggered; d00000
2017-09-06; 12:56:26;  CPU load is very high on host; worker-10-10-2-188; Recovered; 36a64f
2017-09-06; 12:55:30;  CPU load is very high on host; worker-10-10-2-188; Triggered; d00000
2017-09-06; 12:54:20;  RDS Replication Lag Is Too High on hostname; production-replicadb.ct4xp2vhcfwk.us-west-1.rds.amazonaws.com; Triggered; d00000
